"ProjectName","PRs","PValue","R2","Coefficient","PercentageExplained","ModelType"
"OPM/opm-parser",58,0.0518175067054104,0.321420175983024,-1.02413575110471,67.8579824016976,"Non-Hurdle"
"RestKit/RestKit",39,0.263741742583492,0.469271572840411,0.584277251469938,53.0728427159589,"Non-Hurdle"
"OSU-Net/cyder",27,0.850687697219409,0.609981430962848,-0.161481617441938,39.0018569037152,"Non-Hurdle"
"Theano/Theano",172,0.744982014641275,0.218028653688584,-0.0911067244016652,78.1971346311416,"Non-Hurdle"
"PCSX2/pcsx2",55,0.986315736111664,0.336895602300331,-0.00662896668895083,66.3104397699669,"Non-Hurdle"
"PX4/Firmware",111,0.00221507148485625,0.274748060077817,-0.751984450559112,72.5251939922183,"Non-Hurdle"
"ansible/ansible-modules-core",44,0.016081768658766,0.581438298731827,-0.73521196278312,41.8561701268173,"Non-Hurdle"
"antlr/antlr4",22,0.889025195473595,0.755492389449604,-0.127134348939125,24.4507610550396,"Non-Hurdle"
"PecanProject/pecan",89,0.587549954005132,0.320821875935613,-0.213317860959963,67.9178124064387,"Non-Hurdle"
"Pylons/pyramid",20,0.711479172859877,0.600035250029705,-0.72007299573589,39.9964749970295,"Non-Hurdle"
"AnalyticalGraphicsInc/cesium",212,0.751849994301326,0.483913091499177,0.115094161395422,51.6086908500823,"Non-Hurdle"
"Automattic/_s",17,0.422640675277644,0.796738359844978,-0.892381618140868,20.3261640155022,"Non-Hurdle"
"Azure/azure-sdk-for-node",15,0.142449032013744,0.994053651065981,-12.8003500633462,0.594634893401914,"Non-Hurdle"
"ImageEngine/cortex",19,0.123223359620185,0.817476855028152,-2.46830518114024,18.2523144971848,"Non-Hurdle"
"ReactiveX/RxJava",130,0.00292454642723713,0.226965156127074,-0.909030902497441,77.3034843872926,"Non-Hurdle"
"TrinityCore/TrinityCore",353,0.739838439821677,0.23408127666383,-0.0597030253182822,76.591872333617,"Non-Hurdle"
"Azure/azure-xplat-cli",17,0.328006385899591,0.82849418218233,-3.85288734520466,17.150581781767,"Non-Hurdle"
"UniversalMediaServer/UniversalMediaServer",25,0.434579761662035,0.721386583999223,-0.569999282946593,27.8613416000777,"Non-Hurdle"
"Vauxoo/addons-vauxoo",24,0.481949228463035,0.54365311464244,-0.604362428666466,45.634688535756,"Non-Hurdle"
"appcelerator/titanium_mobile",674,0.101331364075802,0.240774428060533,-0.240688120612709,75.9225571939467,"Non-Hurdle"
"appleseedhq/appleseed",34,0.547741625272321,0.567105356177058,-0.4730612321644,43.2894643822942,"Non-Hurdle"
"JuliaLang/julia",48,0.33848895672052,0.534371697960518,-0.729615502390538,46.5628302039482,"Non-Hurdle"
"KSP-KOS/KOS",46,0.429493608145506,0.434207946195627,0.460897410711247,56.5792053804373,"Non-Hurdle"
"astaxie/beego",40,0.201583217436589,0.378581001590929,-0.526756778432864,62.1418998409071,"Non-Hurdle"
"astropy/astropy",90,0.0832455763348282,0.479019515400767,-0.95924654869529,52.0980484599233,"Non-Hurdle"
"buildbot/buildbot",156,0.211477724095436,0.215058228037281,-0.316909959451426,78.4941771962719,"Non-Hurdle"
"WoltLab/WCF",34,0.81165537095255,0.580003084578388,-0.0860779739379368,41.9996915421613,"Non-Hurdle"
"Zarel/Pokemon-Showdown",71,0.654518631260707,0.513712353960028,0.150342073954648,48.6287646039972,"Non-Hurdle"
"cakephp/cakephp",121,0.900657638859966,0.441454256492972,0.0366457788325394,55.8545743507028,"Non-Hurdle"
"Baystation12/Baystation12",239,0.0299812849535667,0.207169262985695,-0.390101669968631,79.2830737014305,"Non-Hurdle"
"cakephp/docs",366,0.000559678152787706,0.29144943028915,-0.484601374705023,70.855056971085,"Non-Hurdle"
"BuildCraft/BuildCraft",28,0.233388445862392,0.673659721754305,1.38452186883897,32.6340278245695,"Non-Hurdle"
"adobe/brackets",447,0.0136631561751331,0.224189111373438,-0.427184484403721,77.5810888626562,"Non-Hurdle"
"camptocamp/cgxp",32,0.600049966487792,0.631083987593009,-1.33081430808183,36.8916012406991,"Non-Hurdle"
"ajaxorg/ace",24,0.241412724728799,0.629157780950842,-0.607522492208412,37.0842219049158,"Non-Hurdle"
"cappuccino/cappuccino",39,0.310642168562205,0.384041789235037,0.571215999932926,61.5958210764963,"Non-Hurdle"
"bitcoin-dot-org/bitcoin.org",55,0.188162775727177,0.52366502675582,-0.611871704736803,47.633497324418,"Non-Hurdle"
"caskdata/cdap",765,0.714564440101817,0.289629263019302,0.0472796728185211,71.0370736980698,"Non-Hurdle"
"cfpb/cfgov-refresh",91,0.0314113805817506,0.33069953653713,-0.735893851946186,66.9300463462869,"Non-Hurdle"
"bitcoin/bitcoin",244,0.196122188872781,0.239511519132021,0.231475540591265,76.0488480867979,"Non-Hurdle"
"ClusterLabs/resource-agents",14,0.243335597799237,0.98636330809788,1.60098696316591,1.363669190212,"Non-Hurdle"
"crate/crate",74,0.0148854516535625,0.289581175346119,-1.22405835798092,71.0418824653881,"Non-Hurdle"
"erlang/otp",23,0.715874739290674,0.5154146706876,-0.293492061735915,48.45853293124,"Non-Hurdle"
"DGtal-team/DGtal",57,0.0888426468961253,0.643246505288265,-0.886740561106429,35.6753494711735,"Non-Hurdle"
"DarkstarProject/darkstar",115,0.00255365281347632,0.380064271591459,-0.70317344567667,61.9935728408541,"Non-Hurdle"
"cython/cython",12,,1,,,"Non-Hurdle"
"ether/etherpad-lite",13,,1,-0.59451081426829,0,"Non-Hurdle"
"ezsystems/ezpublish-kernel",34,0.908290784687621,0.310489673895519,0.0724241637173746,68.9510326104481,"Non-Hurdle"
"ezsystems/ezpublish-legacy",43,0.541222411384585,0.39422674126023,-0.23770075325901,60.5773258739769,"Non-Hurdle"
"diaspora/diaspora",64,0.429089307177637,0.279469148402721,0.467322507408389,72.0530851597279,"Non-Hurdle"
"fog/fog",40,0.663953142186797,0.119114011915396,-0.270100811692159,88.0885988084604,"Non-Hurdle"
"forcedotcom/SalesforceMobileSDK-Android",79,0.761345190103783,0.418888639512318,-0.0756268827636414,58.1111360487683,"Non-Hurdle"
"halide/Halide",154,0.23831873228701,0.560057159553149,-0.384727295024368,43.9942840446851,"Non-Hurdle"
"haskell/cabal",14,,1,2.05332552280781,0,"Non-Hurdle"
"forcedotcom/SalesforceMobileSDK-iOS",116,0.884970384035668,0.324568907618527,-0.0371568858389475,67.5431092381473,"Non-Hurdle"
"honestbleeps/Reddit-Enhancement-Suite",116,0.609252037153296,0.24722411076904,-0.139486868852097,75.277588923096,"Non-Hurdle"
"DynamoDS/Dynamo",508,0.266960125038123,0.202196962374138,-0.154990643508885,79.7803037625862,"Non-Hurdle"
"hrydgard/ppsspp",241,0.00234673402018827,0.185366279490257,-0.504994506650445,81.4633720509743,"Non-Hurdle"
"ipa320/cob_robots",66,0.0444825023818325,0.314890530464735,-0.763678707037468,68.5109469535265,"Non-Hurdle"
"frappe/frappe",11,,1,,,"Non-Hurdle"
"EFForg/https-everywhere",44,0.968891737028673,0.393261988523915,-0.00905986571902096,60.6738011476085,"Non-Hurdle"
"ipython/ipython",120,0.13992667919222,0.168613732701398,-0.41286218634203,83.1386267298602,"Non-Hurdle"
"geonetwork/core-geonetwork",23,0.760963961541518,0.724804637621506,-0.290979289023486,27.5195362378494,"Non-Hurdle"
"jashkenas/backbone",44,0.00918813481958873,0.52540598015021,-0.756963429533437,47.459401984979,"Non-Hurdle"
"GeoNode/geonode",7,,1,,,"Non-Hurdle"
"jashkenas/underscore",34,0.287499437636862,0.700952664990245,-0.556525289690722,29.9047335009755,"Non-Hurdle"
"geoserver/geoserver",16,0.645778472290793,0.956661216244645,-0.935543117142968,4.3338783755355,"Non-Hurdle"
"geotools/geotools",16,0.297405965708369,0.971053218833325,2.66878390856464,2.89467811666751,"Non-Hurdle"
"libgit2/libgit2",35,0.307739594121482,0.536185972504476,-0.47714977377482,46.3814027495524,"Non-Hurdle"
"gitextensions/gitextensions",72,0.274602544256055,0.354453893825174,0.536257831671211,64.5546106174826,"Non-Hurdle"
"mozilla/pdf.js",109,0.888279584191415,0.251253721770468,0.04813997380172,74.8746278229532,"Non-Hurdle"
"matplotlib/matplotlib",80,0.0922247712436452,0.277525925635072,-0.443037106036578,72.2474074364928,"Non-Hurdle"
"mozilla/zamboni",73,0.32529606958497,0.234106297068568,-0.392619289965475,76.5893702931432,"Non-Hurdle"
"mxe/mxe",30,0.299033400142712,0.292734450405491,-0.704616910370725,70.7265549594509,"Non-Hurdle"
"openmicroscopy/openmicroscopy",61,0.530036381011701,0.392643589223494,-0.233712685508553,60.7356410776506,"Non-Hurdle"
"mne-tools/mne-python",276,0.49205605390265,0.366740344627823,-0.186177289512968,63.3259655372177,"Non-Hurdle"
"modxcms/revolution",46,0.0112354440814243,0.566773360016307,-1.91202393087208,43.3226639983693,"Non-Hurdle"
"mozilla/addons-server",15,0.418848292863457,0.984866119718763,1.15152691471056,1.5133880281237,"Non-Hurdle"
"nim-lang/Nim",178,0.14499382413772,0.201862453375156,-0.280863274723622,79.8137546624844,"Non-Hurdle"
"nipy/nipype",79,0.516908881486646,0.400314272136425,-0.218212543533651,59.9685727863575,"Non-Hurdle"
"ocaml/opam-repository",57,0.142459703968752,0.270561670401158,-0.603821892022586,72.9438329598842,"Non-Hurdle"
"sunpy/sunpy",19,0.686232846700275,0.872229062640485,-1.40364747158268,12.7770937359515,"Non-Hurdle"
"ofiwg/fabtests",17,0.143742008880813,0.836178542965316,-2.32946734353259,16.3821457034684,"Non-Hurdle"
"supercollider/supercollider",25,0.427077535771482,0.654543498209708,1.58722275242162,34.5456501790291,"Non-Hurdle"
"openframeworks/openFrameworks",67,0.472660204584569,0.145868591580855,0.21100246506754,85.4131408419145,"Non-Hurdle"
"symfony/symfony-docs",426,0.0372538700131756,0.413040428140732,-0.313903780374971,58.6959571859268,"Non-Hurdle"
"doctrine/doctrine2",54,0.648960737665958,0.470928293326488,0.196114952592673,52.9071706673512,"Non-Hurdle"
"dropwizard/dropwizard",25,0.0763176196697345,0.53336355115683,-1.60685023327957,46.663644884317,"Non-Hurdle"
"sympy/sympy",215,0.046915180035805,0.317404991397454,0.501750715777722,68.2595008602546,"Non-Hurdle"
"duckduckgo/zeroclickinfo-spice",28,0.136013628051938,0.686971475444972,-1.77346890058209,31.3028524555028,"Non-Hurdle"
"yast/yast-installation",73,0.781776657328411,0.526404248314763,0.214728361247597,47.3595751685237,"Non-Hurdle"
"yast/yast-yast2",91,0.351241080228785,0.520921316897473,-0.383710582326602,47.9078683102527,"Non-Hurdle"
"elastic/logstash",62,0.357388870546354,0.301532039211767,0.643278841395484,69.8467960788233,"Non-Hurdle"
"enyojs/enyo",18,0.918349484304562,0.747238843283997,0.138072984771149,25.2761156716003,"Non-Hurdle"
"zurb/foundation-sites",35,0.668811561095669,0.570095451695185,-0.321663319789636,42.9904548304815,"Non-Hurdle"
"w3c/csswg-test",31,0.936842688320069,0.285790445100565,-0.110693212581823,71.4209554899436,"Non-Hurdle"
"puppetlabs/puppet",135,0.415789480867114,0.242925727545889,-0.299759060015916,75.7074272454111,"Non-Hurdle"
"puppetlabs/puppetdb",52,0.251390901560007,0.552734954865571,-1.03188536181067,44.7265045134428,"Non-Hurdle"
"pyinstaller/pyinstaller",19,0.674455704284615,0.927718920606288,-0.321107907508166,7.22810793937125,"Non-Hurdle"
"otwcode/otwarchive",331,0.642890415262402,0.30039898019868,-0.0719814404244753,69.960101980132,"Non-Hurdle"
"qgis/QGIS",147,0.0743684140026096,0.415071152921127,-0.621593840792839,58.4928847078873,"Non-Hurdle"
"qgis/QGIS-Documentation",71,0.422271476780763,0.424016781452389,-0.504268499873958,57.5983218547611,"Non-Hurdle"
"rabbitmq/rabbitmq-server",20,0.0580804878689828,0.93742609821417,1.55799016298981,6.25739017858295,"Non-Hurdle"
"scala/scala-lang",43,0.034826402036269,0.689844360527394,-1.23329812736103,31.0155639472606,"Non-Hurdle"
"scikit-image/scikit-image",107,0.989214730135298,0.376461957027935,0.00654413226748532,62.3538042972065,"Non-Hurdle"
"praekelt/vumi",103,0.215570525058543,0.356838776562906,-0.55806643908264,64.3161223437094,"Non-Hurdle"
"praekelt/vumi-go",40,0.00299836955701283,0.680420252002572,-2.20814885396518,31.9579747997428,"Non-Hurdle"
"angular/angular.js",34,0.64598632475501,0.495477133118974,0.28986048758569,50.4522866881026,"Non-Hurdle"
"statsmodels/statsmodels",44,0.11224491910958,0.480201658822247,-0.907689501857351,51.9798341177753,"Non-Hurdle"
"chaplinjs/chaplin",19,0.33009154296588,0.677421432126032,-2.75222534739993,32.2578567873968,"Non-Hurdle"
"Elgg/Elgg",26,0.820286223463077,0.678083348341116,-0.169578249015493,32.1916651658884,"Non-Hurdle"
"h5bp/html5-boilerplate",8,,1,,,"Non-Hurdle"
"imathis/octopress",14,0.932982259495549,0.988297321070095,0.468600272489378,1.17026789299051,"Non-Hurdle"
"spesmilo/electrum",11,,1,,,"Non-Hurdle"
"enigma-dev/enigma-dev",47,0.464642213280489,0.519583449560409,0.857269314199943,48.0416550439591,"Non-Hurdle"
"jquery/jquery-mobile",75,0.59146954056244,0.460269225728005,0.255462033772345,53.9730774271995,"Non-Hurdle"
"activemerchant/active_merchant",17,0.00778311241619785,0.963233233219878,-8.38992075330191,3.67667667801216,"Non-Hurdle"
"emberjs/website",98,0.0114177260497192,0.368231892855116,-1.47260289822404,63.1768107144884,"Non-Hurdle"
"jquery/jquery-ui",105,0.16787679019709,0.373663587268583,-0.614401371789904,62.6336412731417,"Non-Hurdle"
"Yelp/mrjob",51,0.000990736365881189,0.614950445645214,-1.95976271881219,38.5049554354786,"Non-Hurdle"
"yiisoft/yii",102,0.63419485896192,0.203179897121271,-0.0755855093643563,79.682010287873,"Non-Hurdle"
"allegro/ralph",110,0.947266661919445,0.298103180882988,0.0307467864260217,70.1896819117012,"Non-Hurdle"
"emberjs/ember.js",7,,1,,,"Non-Hurdle"
"luvit/luvit",14,0.282374739564602,0.98605252056588,0.969043304371973,1.39474794341203,"Non-Hurdle"
"composer/composer",53,0.173002793022362,0.285126880551726,-0.5325082068696,71.4873119448274,"Non-Hurdle"
"danvk/dygraphs",31,0.220243533482666,0.645521804012277,-0.530016519125106,35.4478195987723,"Non-Hurdle"
"cinder/Cinder",4,,1,,,"Non-Hurdle"
"wp-cli/wp-cli",18,0.912788858585392,0.920442135275837,-0.208495370459667,7.95578647241631,"Non-Hurdle"
"sunspot/sunspot",4,,1,,,"Non-Hurdle"
"fish-shell/fish-shell",44,0.198892542460478,0.548524351651931,-0.795924245226475,45.1475648348069,"Non-Hurdle"
"propelorm/Propel",17,0.370499701519828,0.702488701965597,2.99758349005955,29.7511298034403,"Non-Hurdle"
"numpy/numpy",32,0.0416129036501984,0.738381683161992,1.14284569708841,26.1618316838008,"Non-Hurdle"
"jshint/jshint",10,,1,,,"Non-Hurdle"
"mumble-voip/mumble",51,0.455058768153528,0.415011282528542,-0.282800188507355,58.4988717471458,"Non-Hurdle"
"FriendsOfSymfony/FOSRestBundle",29,0.554998032548072,0.729626477624844,0.591529136935121,27.0373522375156,"Non-Hurdle"
"imageworks/OpenShadingLanguage",10,,1,,,"Non-Hurdle"
"benoitc/gunicorn",10,,1,,,"Non-Hurdle"
"scummvm/scummvm",80,0.00621024902925613,0.39140710915006,-1.18096549010312,60.859289084994,"Non-Hurdle"
"duckduckgo/zeroclickinfo-goodies",45,0.485381600130143,0.374527913471524,1.15486776187767,62.5472086528476,"Non-Hurdle"
"shogun-toolbox/shogun",177,0.00730977343032046,0.311628784602474,-0.712752174095973,68.8371215397526,"Non-Hurdle"
"plataformatec/devise",15,0.492222457487997,0.748184590570461,-0.922623583974145,25.181540942954,"Non-Hurdle"
"radare/radare2",62,0.189732732554839,0.406858375091839,0.942581590660266,59.3141624908161,"Non-Hurdle"
"craftyjs/Crafty",14,,1,-19.0691972742111,0,"Non-Hurdle"
"wiremod/wire",56,0.0161124530059375,0.482542186681314,-0.94587541701648,51.7457813318686,"Non-Hurdle"
"autotest/autotest",6,,1,,,"Non-Hurdle"
"plataformatec/simple_form",22,0.308238595441745,0.800056768595282,0.829283177758321,19.9943231404718,"Non-Hurdle"
"mootools/mootools-core",28,0.4063716837749,0.541311101513761,1.03801577710529,45.8688898486239,"Non-Hurdle"
"thoughtbot/paperclip",20,0.527612052356007,0.671627400628488,0.531791474934284,32.8372599371512,"Non-Hurdle"
"geany/geany",45,0.849539538419178,0.314765824640928,-0.126344173801555,68.5234175359072,"Non-Hurdle"
"geany/geany-plugins",17,0.246137829511039,0.921560760411605,8.08791327638416,7.8439239588395,"Non-Hurdle"
"github/linguist",8,,1,,,"Non-Hurdle"
"puppetlabs/puppetlabs-stdlib",7,,1,,,"Non-Hurdle"
"OpenImageIO/oiio",35,0.451254462072021,0.663843175256416,-0.764325902464734,33.6156824743584,"Non-Hurdle"
"graphite-project/graphite-web",17,0.722235191380998,0.707445966430991,0.193075873445699,29.2554033569009,"Non-Hurdle"
"symfony/symfony",226,0.379500380990692,0.238495602931015,0.162541193876435,76.1504397068985,"Non-Hurdle"
"magit/magit",12,,1,,,"Non-Hurdle"
"zotero/translators",84,0.259473842795189,0.430680098381027,-0.485464961844595,56.9319901618973,"Non-Hurdle"
"cplusplus/draft",9,,1,,,"Non-Hurdle"
"DSpace/DSpace",31,0.333320465970482,0.467219332450272,0.593752349052108,53.2780667549728,"Non-Hurdle"
"darktable-org/darktable",55,0.0334189316368179,0.528200063490703,-1.02181561987876,47.1799936509297,"Non-Hurdle"
"SpiderLabs/owasp-modsecurity-crs",11,,1,,,"Non-Hurdle"
"thoughtbot/capybara-webkit",23,0.754436658806828,0.605119855784836,0.185469012367628,39.4880144215164,"Non-Hurdle"
"sensu/sensu",22,0.249649839040606,0.751046790288603,-0.58706406564856,24.8953209711397,"Non-Hurdle"
"Jasig/uPortal",23,0.436974650206209,0.811000183931295,1.3503298958728,18.8999816068706,"Non-Hurdle"
"openstreetmap/openstreetmap-website",48,0.898998275686664,0.697049225586367,-0.0492646667452032,30.2950774413633,"Non-Hurdle"
"FriendsOfPHP/PHP-CS-Fixer",26,0.362745139591938,0.658715785818071,0.665296116466905,34.1284214181929,"Non-Hurdle"
"rubygems/rubygems.org",13,,1,1.68666611971128,0,"Non-Hurdle"
"qooxdoo/qooxdoo",23,0.309395976824918,0.585459422065577,-0.893014607969314,41.4540577934423,"Non-Hurdle"
"yast/yast-network",81,0.231240966867824,0.483297221014056,-0.31788074528767,51.6702778985944,"Non-Hurdle"
"EventStore/EventStore",12,,1,,,"Non-Hurdle"
"yast/yast-bootloader",69,0.108586131836356,0.485852947463283,-0.522998136973311,51.4147052536717,"Non-Hurdle"
"symfony-cmf/symfony-cmf-docs",58,0.0809630670963934,0.519417556478375,1.18104923074999,48.0582443521625,"Non-Hurdle"
"airbnb/javascript",26,0.672323014869647,0.625435375948634,-0.533309077238128,37.4564624051366,"Non-Hurdle"
"owncloud/documentation",183,0.0162181528717762,0.310849857187359,0.357825117349476,68.9150142812641,"Non-Hurdle"
"whatwg/dom",21,0.47077541732028,0.879133870088902,-0.614581011293895,12.0866129911098,"Non-Hurdle"
"SonarSource/sonar-java",43,,0.414724176129208,,,"Non-Hurdle"
"Netflix/eureka",23,0.519842383100425,0.446328201538279,-0.709629998738912,55.3671798461721,"Non-Hurdle"
"MarkUsProject/Markus",36,0.132101378822148,0.663502427242366,0.446812600165069,3.54418098009701,"Hurdle"
"OPM/opm-core",40,0.153086870508681,0.397700607026649,-0.603485054554044,8.41137022302889,"Hurdle"
"OPM/opm-parser",116,0.0767230106841136,0.490138595130615,-0.333517818094503,2.89225901699348,"Hurdle"
"RestKit/RestKit",78,0.364017705783447,0.506103970457523,0.197222142783571,1.05933657337177,"Hurdle"
"OSU-Net/cyder",54,0.0103885839054798,0.47588027112088,-0.823800192577893,15.0303579806283,"Hurdle"
"Smoothieware/Smoothieware",36,0.14455867389268,,-0.52345506365412,4.72049690513083,"Hurdle"
"AFNetworking/AFNetworking",12,,,,,"Hurdle"
"Theano/Theano",344,0.210626291260933,0.367671801115615,-0.157881271143956,0.788824270422373,"Hurdle"
"PCSX2/pcsx2",110,0.801288410716159,0.433624181854478,0.0404522315792193,0.0763252031313786,"Hurdle"
"PX4/Firmware",222,0.000446550602246662,0.459009849794722,-0.36026812236626,6.78922647502958,"Hurdle"
"ansible/ansible-modules-core",88,0.971052400518126,0.313470974595871,-0.00617607252732493,0.00333746053661941,"Hurdle"
"ansible/ansible-modules-extras",114,0.376471541497311,0.504685704679467,-0.103809185532371,0.685445622329451,"Hurdle"
"antlr/antlr4",44,0.333170431459744,0.452212684969555,0.381925997533209,2.72554364161241,"Hurdle"
"PecanProject/pecan",178,0.980231555044844,0.650390774132475,-0.00247728621184963,0.000187031128005475,"Hurdle"
"Pylons/pyramid",40,0.499210904231189,0.770796935061486,-0.155634991897206,0.358092283580285,"Hurdle"
"AnalyticalGraphicsInc/cesium",424,0.23070675178638,0.34370510712501,-0.141628098173597,0.650383285755669,"Hurdle"
"Automattic/_s",34,0.774564434512704,,-0.107572547467555,0.254284504685817,"Hurdle"
"Azure/azure-sdk-for-node",30,0.967767570750381,0.540182118520037,-0.0319890981321707,0.00494510602693838,"Hurdle"
"ImageEngine/cortex",38,0.78658472168695,,-0.0781360286209909,0.110204244802015,"Hurdle"
"ParadiseSS13/Paradise",76,0.94144457410775,,-0.0125901388845629,0.00311814985277942,"Hurdle"
"ReactiveX/RxJava",260,0.00299439874263048,,-0.353427698229774,5.27711678408331,"Hurdle"
"TrinityCore/TrinityCore",706,0.0282848640805873,0.480040351306749,-0.131896841620201,0.742213733060867,"Hurdle"
"appcelerator/alloy",14,,,,,"Hurdle"
"Azure/azure-xplat-cli",34,0.122394095769931,,-0.770348707283118,7.06026467921394,"Hurdle"
"BabylonJS/Babylon.js",38,0.362230650099343,0.668498955856034,-0.28682309869148,1.15623334890812,"Hurdle"
"UniversalMediaServer/UniversalMediaServer",50,0.584511444718832,0.390323410889883,0.16678238472437,0.970517822140508,"Hurdle"
"Vauxoo/addons-vauxoo",48,0.0121055754376592,,-0.422876622558571,4.73793501366225,"Hurdle"
"appcelerator/titanium_mobile",1348,0.125298460074713,0.400648797178976,-0.0822036394077891,0.261292970367279,"Hurdle"
"appleseedhq/appleseed",68,0.478159057813376,0.575084355127141,-0.204005301836809,0.562569951858511,"Hurdle"
"JuliaLang/julia",96,0.0170572978237813,0.50281771586801,-0.647520663832027,6.17178873303966,"Hurdle"
"KSP-KOS/KOS",92,0.802594033497532,0.521086674461256,0.0483472131982077,0.0635498214484933,"Hurdle"
"astaxie/beego",80,0.051091920623774,,-0.341514643193152,2.98512722044501,"Hurdle"
"astropy/astropy",180,0.00223305928671626,0.254780558093937,-0.580059586521121,15.7607909476568,"Hurdle"
"buildbot/buildbot",312,5.09988663980811e-05,0.415352127064915,-0.426208807229467,7.64893305731078,"Hurdle"
"WoltLab/WCF",68,0.187442301350239,0.444570159705991,-0.298626838511982,3.32389253160019,"Hurdle"
"Zarel/Pokemon-Showdown",142,0.224848908301292,0.55347195768319,-0.138102205844247,0.851114416026356,"Hurdle"
"cakephp/cakephp",242,0.862170963083062,0.518572325664171,-0.0197807115375405,0.0116370186040509,"Hurdle"
"Baystation12/Baystation12",478,0.000262980065071124,,-0.280515829301705,3.60365671736872,"Hurdle"
"cakephp/docs",732,0.000457368468923497,0.547649333178811,-0.200709410040543,1.40070210941117,"Hurdle"
"BuildCraft/BuildCraft",56,0.199137422771833,0.661137512974074,0.276401935050579,1.58604124120772,"Hurdle"
"adobe/brackets",894,0.000237606835133421,0.353295404339324,-0.219199348119978,2.79176241696197,"Hurdle"
"camptocamp/c2cgeoportal",98,0.00160797936514554,0.398840475727526,-1.10792230021717,16.5180524757333,"Hurdle"
"bem/bem-components",20,0.00323104684474586,0.858881677489484,-1.45624994358127,19.3312251352302,"Hurdle"
"camptocamp/cgxp",64,0.024535764765145,,-1.35084637525546,14.4304860224207,"Hurdle"
"ajaxorg/ace",48,0.197060426642423,,-0.327904683744226,5.09143298366498,"Hurdle"
"cappuccino/cappuccino",78,0.388395846636829,0.477711710797581,-0.185423628395202,1.07087345962048,"Hurdle"
"bitcoin-dot-org/bitcoin.org",110,0.00159240819472588,0.41850745052403,-0.547756088511978,13.4632120488881,"Hurdle"
"caskdata/cdap",1530,1.1294775179602e-16,0.348856895856227,-0.348486019124392,8.58601363946824,"Hurdle"
"cfpb/cfgov-refresh",182,0.899099424958962,0.43527833131546,-0.0160999010490693,0.0115593760916299,"Hurdle"
"citation-style-language/styles",44,0.31855428367229,,-0.444088970800299,1.91767756995647,"Hurdle"
"bitcoin/bitcoin",488,0.436295188031925,0.31585201536555,0.0614713547046002,0.269992157157545,"Hurdle"
"ClusterLabs/resource-agents",28,0.337611930610587,0.791125627854401,-0.291343812299635,0.964016418476497,"Hurdle"
"crate/crate",148,0.0038163837256077,,-0.558423072058131,6.37267041232386,"Hurdle"
"erlang/otp",46,0.0342764795338815,0.625272328564727,-0.607302178945313,6.51244067883134,"Hurdle"
"DGtal-team/DGtal",114,0.251760466308109,0.570997649362275,-0.157508797381879,0.883524093416913,"Hurdle"
"cocos2d/cocos2d-x",98,0.0389320112322815,0.569867711719552,0.316676722718406,3.42424910148004,"Hurdle"
"cvmfs/cvmfs",16,0.288426227517077,,-1.58980302482669,13.3343022237941,"Hurdle"
"cylc/cylc",218,0.0473516969449201,0.362749624725942,-0.287184436393799,3.22267545096601,"Hurdle"
"DarkstarProject/darkstar",230,0.00151644278982434,0.538093609911927,-0.333194293453564,3.8687549314978,"Hurdle"
"cython/cython",24,0.458399791672712,,-0.536034259892545,2.22119921959393,"Hurdle"
"ether/etherpad-lite",26,0.632825532071533,,-0.220686985631897,0.9251424322269,"Hurdle"
"gravitystorm/openstreetmap-carto",28,0.878176738892571,0.603111799446017,-0.0795771545402967,0.059395787511688,"Hurdle"
"ezsystems/ezpublish-kernel",68,0.418948126651058,0.418543271049017,-0.208544278030968,1.37550409396433,"Hurdle"
"ezsystems/ezpublish-legacy",86,0.00119775085516047,,-0.695462744560892,16.3352132533166,"Hurdle"
"diaspora/diaspora",128,0.757415400235212,,0.0379139297965157,0.0632067952323387,"Hurdle"
"fog/fog",80,0.325019502395191,0.542154924092372,-0.176925344351761,1.0510699155999,"Hurdle"
"fontforge/fontforge",16,0.821511085380849,,0.127468847898523,0.203110009973947,"Hurdle"
"forcedotcom/SalesforceMobileSDK-Android",158,0.207709214379907,,0.134697744163923,1.02489725474815,"Hurdle"
"halide/Halide",308,0.753349459314465,0.482422801939284,-0.0346346647982059,0.0345704129500473,"Hurdle"
"haskell/cabal",28,0.626255567730599,0.445372191294335,0.385177759814084,1.14359248185248,"Hurdle"
"forcedotcom/SalesforceMobileSDK-iOS",232,0.181047008566672,,-0.115031851787773,0.824797437579916,"Hurdle"
"honestbleeps/Reddit-Enhancement-Suite",232,0.995550645345346,0.507689587737444,-0.000523493682838691,1.30840841269225e-05,"Hurdle"
"DynamoDS/Dynamo",1016,0.252837872258944,0.480658018703536,-0.0653500156843839,0.139351382609706,"Hurdle"
"hrydgard/ppsspp",482,0.0308383039612805,,-0.178840629400809,1.44430782336509,"Hurdle"
"frappe/erpnext",40,0.242948061756288,0.621266150911487,-0.349746890270576,2.23145197370589,"Hurdle"
"ipa320/cob_robots",132,0.380781009618997,0.451428567417978,-0.139292045816994,0.717951053563328,"Hurdle"
"frappe/frappe",22,0.783209554097916,,-0.0443145882344688,0.0179861875337072,"Hurdle"
"EFForg/https-everywhere",88,0.475635921279915,,-0.135455154855087,0.363385205300525,"Hurdle"
"ipython/ipython",240,0.0148711345720381,0.327031992696175,-0.308348779310955,5.18640556671952,"Hurdle"
"geonetwork/core-geonetwork",46,0.872559703291613,0.535089603604565,0.0424101111585315,0.0504828447838424,"Hurdle"
"jashkenas/backbone",88,0.0368860316213029,,-0.341729531082636,6.4538942092528,"Hurdle"
"GeoNode/geonode",14,0.0527874627136388,,-0.935272974621697,2.64177941737023,"Hurdle"
"jashkenas/underscore",68,0.0363631282153913,,-0.495032270777846,5.30035583287324,"Hurdle"
"geoserver/geoserver",32,0.986445235051527,0.618270747970006,0.00803007579512724,0.000591046712253829,"Hurdle"
"geotools/geotools",32,0.0401773817368454,0.774269487564784,-0.700639333964318,4.59944416307423,"Hurdle"
"ggreer/the_silver_searcher",18,0.0649765333171292,,2.12963925916622,24.8808320459645,"Hurdle"
"libgit2/libgit2",70,0.100419872419004,,-0.318827554167059,3.17344064263954,"Hurdle"
"gitextensions/gitextensions",144,0.0367223560590722,0.474733285744663,-0.333713619797344,3.44671874251646,"Hurdle"
"grails/grails-core",18,0.542101300937444,0.888480319492209,-0.456120155964139,0.327072418131732,"Hurdle"
"mozilla/pdf.js",218,0.00215362069053463,0.330682395631646,-0.567043424328092,9.00884247674207,"Hurdle"
"matplotlib/matplotlib",160,0.101699336478321,0.407228751665298,-0.215054590502633,2.48349283841833,"Hurdle"
"openmicroscopy/bioformats",80,0.595661945508018,0.625551719999773,-0.104538378698925,0.215446312147224,"Hurdle"
"mozilla/zamboni",146,0.675976178880228,,-0.0724867332804092,0.181381906561874,"Hurdle"
"mxe/mxe",60,0.322647080460529,0.509880446902562,-0.18950169432934,1.62851249633004,"Hurdle"
"metomi/rose",70,0.650550350473234,0.575763044752574,-0.102532299500668,0.221506796199467,"Hurdle"
"openmicroscopy/openmicroscopy",122,0.00384427168988307,0.41753003126243,-0.498038949568671,10.06424121807,"Hurdle"
"mne-tools/mne-python",552,0.000394354165585302,0.325190292493977,-0.335585574305141,4.78988567458272,"Hurdle"
"modxcms/revolution",92,0.272994481962673,0.563970433917742,0.181429567849684,1.03548386122514,"Hurdle"
"mozilla/addons-server",30,0.135265342876216,0.574557836494471,-0.637826916857296,6.31840168738587,"Hurdle"
"nim-lang/Nim",356,0.0961003373197082,0.503638309902298,-0.151903125161086,0.77301127659581,"Hurdle"
"nipy/nipype",158,0.0273462016315359,0.480613430507443,-0.293425125188756,3.42066719467497,"Hurdle"
"ocaml/opam-repository",114,0.0833565939692533,,-0.332392177974883,2.23676525601302,"Hurdle"
"sunpy/sunpy",38,0.019674218747637,0.637751862105641,-0.943194750822469,9.59121465579597,"Hurdle"
"ofiwg/fabtests",34,0.921216715713377,,0.034566223728676,0.0283042379038586,"Hurdle"
"supercollider/supercollider",50,0.0124139601467633,0.615333196469382,-0.798747836594172,8.83968304723831,"Hurdle"
"openframeworks/openFrameworks",134,0.901912658069788,0.483615527941261,0.0147364707255037,0.012246187407414,"Hurdle"
"dimagi/commcare-hq",30,0.228930911861832,0.716671430329156,-0.724435496435249,2.13335503148941,"Hurdle"
"symfony/symfony-docs",852,1.44296690528709e-09,0.463258868876742,-0.356743264335159,5.09794483589143,"Hurdle"
"doctrine/doctrine2",108,0.00628792612294399,0.449454874157609,-0.472287586610855,8.94441955468398,"Hurdle"
"dropwizard/dropwizard",50,0.143676905006721,0.625463596776112,-0.369890232009976,2.73069044693841,"Hurdle"
"sympy/sympy",430,0.544402259461724,0.39383434050301,-0.053861607103713,0.132045161085903,"Hurdle"
"duckduckgo/zeroclickinfo-spice",56,0.665974257266319,0.540994873113637,0.167258732601088,0.291559991326719,"Hurdle"
"yast/yast-installation",146,0.437112661466089,,0.122027580769369,0.407162434899276,"Hurdle"
"ultrabug/py3status",68,0.656614117790904,0.452004641577,-0.115688278722962,0.361664689016381,"Hurdle"
"yast/yast-yast2",182,0.481851433327895,,0.0981522745735458,0.352200671831009,"Hurdle"
"elastic/logstash",124,0.627171887314657,0.43218620944534,-0.0810895731608005,0.253412418170256,"Hurdle"
"voidlinux/void-packages",50,0.0314687082264493,0.641055551021822,-0.507228452541293,5.72563032594581,"Hurdle"
"enyojs/enyo",36,0.811529185364667,0.497858732861515,-0.0869355052399837,0.167841366847286,"Hurdle"
"vsouza/awesome-ios",16,0.0339940417406989,,-2.08923051175068,11.3240467102042,"Hurdle"
"zurb/foundation-sites",70,0.881829100762195,0.560452375461642,0.0275465577598986,0.0253464424611714,"Hurdle"
"vufind-org/vufind",46,0.736274049519087,0.53400149307159,-0.120057619203757,0.223829143512463,"Hurdle"
"w3c/csswg-test",62,0.0289543387553432,0.514606149384035,-0.635221263222025,7.83988768766131,"Hurdle"
"puppetlabs/puppet",270,2.84097270951383e-05,0.491281506891489,-0.525412605294106,6.99491249729897,"Hurdle"
"puppetlabs/puppetdb",104,0.233429216966215,0.598851004463768,-0.227863069626322,0.93594193599969,"Hurdle"
"pyinstaller/pyinstaller",38,0.978700445730629,0.526964066519291,0.0146119779179303,0.00176574200027469,"Hurdle"
"otwcode/otwarchive",662,0.00219761173906498,0.548251251983988,-0.156466822135922,1.1782808751316,"Hurdle"
"qgis/QGIS",294,0.172550757012002,0.568520716008482,-0.120510803632135,0.484429110972128,"Hurdle"
"qgis/QGIS-Documentation",142,0.0355120528558037,0.655534362719409,-0.256545709889785,1.68280131027111,"Hurdle"
"rabbitmq/rabbitmq-server",40,0.714338142568185,0.60669499172568,-0.0928350987870363,0.227630016445751,"Hurdle"
"scala/scala-lang",86,0.0810368274110024,0.540346803766216,-0.354115685988075,3.13374127985933,"Hurdle"
"scikit-image/scikit-image",214,0.000506583763619437,0.480334110865909,-0.421601833452519,6.34717586671099,"Hurdle"
"scikit-learn/scikit-learn",290,0.0722599871847713,0.602449114169464,0.156074951664728,0.743423140913134,"Hurdle"
"praekelt/vumi",206,0.000235495921905704,0.378785131178987,-0.557477059107203,11.2398170242909,"Hurdle"
"praekelt/vumi-go",80,0.129335866056582,0.348454368116124,-0.464477420235945,5.58360729921174,"Hurdle"
"angular/angular.js",68,0.110336886254686,0.481100995282409,-0.374494365561495,4.24229285827692,"Hurdle"
"statsmodels/statsmodels",88,0.445622238082441,,-0.161634992435009,0.998770385816771,"Hurdle"
"chaplinjs/chaplin",38,0.157236524473395,0.423546842952197,-0.682372276049622,7.84173278313256,"Hurdle"
"ruby-grape/grape",20,0.0454063093079638,,-0.909997518358746,12.4180571969267,"Hurdle"
"Elgg/Elgg",52,0.189871184344257,,-0.398209283233836,5.41743373116809,"Hurdle"
"h5bp/html5-boilerplate",16,0.00361387661995519,,-2.30496529195064,24.8645148077337,"Hurdle"
"imathis/octopress",28,0.621186177579302,,0.23695535677585,0.428056876922924,"Hurdle"
"spesmilo/electrum",22,0.0658175781425741,,-0.831317519754495,7.47062954905443,"Hurdle"
"enigma-dev/enigma-dev",94,0.778885674818165,0.615781105891543,0.0797378404870743,0.0532481831446652,"Hurdle"
"jquery/jquery-mobile",150,0.338635065071561,0.475785123152806,-0.15478471473235,0.681832996983443,"Hurdle"
"activemerchant/active_merchant",34,0.111552422768401,,-0.357175117206959,5.72413633982254,"Hurdle"
"emberjs/website",196,9.07266869957656e-05,0.6445124245341,0.372704152884307,4.53392256185443,"Hurdle"
"jquery/jquery-ui",210,0.0719226423884281,,-0.234699084902356,2.08610453632101,"Hurdle"
"Yelp/mrjob",102,0.103479025548251,,-0.272002681198478,1.9694328947786,"Hurdle"
"yiisoft/yii",204,0.0916469548723335,0.448717706397726,-0.135258626108881,1.73949838839666,"Hurdle"
"allegro/ralph",220,0.625204552755261,0.515651126783751,-0.0738615938395702,0.102652931092007,"Hurdle"
"emberjs/ember.js",14,,,,,"Hurdle"
"luvit/luvit",28,0.919813333139205,,-0.0303122856653185,0.0204217170357947,"Hurdle"
"capistrano/capistrano",10,,,,,"Hurdle"
"sproutcore/sproutcore",8,,,,,"Hurdle"
"composer/composer",106,0.0475293137098984,0.513214320159195,0.304230086901773,3.64388163348897,"Hurdle"
"danvk/dygraphs",62,0.0455339856142118,0.550363756399115,-0.456943187271934,5.64551784486386,"Hurdle"
"errbit/errbit",20,0.402298864052707,,-0.542792717521406,2.8463445908628,"Hurdle"
"ornicar/lila",16,0.853040342991445,,0.179253477669458,0.193034366725074,"Hurdle"
"pods-framework/pods",6,,,,,"Hurdle"
"krb5/krb5",12,,,,,"Hurdle"
"cinder/Cinder",8,,,,,"Hurdle"
"wp-cli/wp-cli",36,4.77560231364544e-05,0.843850715306929,-1.1155276171966,13.4328270330805,"Hurdle"
"sunspot/sunspot",8,,,,,"Hurdle"
"fish-shell/fish-shell",88,0.00436423394193859,0.499917409400424,-0.579882411093485,9.94528261722417,"Hurdle"
"propelorm/Propel",34,0.535082010838217,,-0.319116540351012,2.2239142083249,"Hurdle"
"puppetlabs/puppetlabs-mysql",14,0.691107090742694,,8.0811510784263,4.75602157749943,"Hurdle"
"numpy/numpy",64,0.30979467109839,,-0.267602988246946,2.78239462012494,"Hurdle"
"jshint/jshint",20,0.952744205465001,,0.0218179726581039,0.00437087381480568,"Hurdle"
"mumble-voip/mumble",102,0.595135803332864,0.513520238011672,-0.103280422385587,0.266815170546548,"Hurdle"
"FriendsOfSymfony/FOSRestBundle",58,0.00329918981880599,0.434291821831901,-0.893389731814746,22.0703832419514,"Hurdle"
"imageworks/OpenShadingLanguage",20,0.674367766882424,,0.263873005511907,1.26846213952058,"Hurdle"
"benoitc/gunicorn",20,0.0930971648541647,0.520400040157322,-1.36821463460899,19.3009494057481,"Hurdle"
"scummvm/scummvm",160,0.0662048643948842,0.448580380316474,-0.200635153213643,2.64855984910067,"Hurdle"
"padrino/padrino-framework",12,,,,,"Hurdle"
"openscad/openscad",16,0.478056131591062,,-1.30395119179458,0.899681993940214,"Hurdle"
"duckduckgo/zeroclickinfo-goodies",90,0.0431662305464538,0.603967184761566,-0.339030596309697,3.11593890933506,"Hurdle"
"ViennaRSS/vienna-rss",10,,,,,"Hurdle"
"pazz/alot",26,0.221413749047642,,0.915635369510467,5.05172085687272,"Hurdle"
"shogun-toolbox/shogun",354,1.10578847683571e-08,0.513975730040054,-0.437335819727479,9.19282293592422,"Hurdle"
"swagger-api/swagger-ui",8,,,,,"Hurdle"
"rtfd/readthedocs.org",42,0.920657160236718,0.664535260957799,0.0365454187841746,0.0124379087824101,"Hurdle"
"plataformatec/devise",30,0.63647412036273,,-0.191568122358199,0.235562970682205,"Hurdle"
"radare/radare2",124,0.473153928660277,0.6410625233401,0.114759812940006,0.235872855925327,"Hurdle"
"craftyjs/Crafty",28,0.184988505597553,0.582134376391425,-0.70746122020636,5.16778194033214,"Hurdle"
"wiremod/wire",112,0.110810915993777,0.426347814582943,-0.271638112556869,3.13854689186177,"Hurdle"
"autotest/autotest",12,,,,,"Hurdle"
"cbeust/testng",34,0.90752595986947,,-0.0278592635387542,0.0102741817837255,"Hurdle"
"plataformatec/simple_form",44,0.0572809625670639,0.611783364323817,-0.634533438944622,5.76867382228066,"Hurdle"
"guard/guard",22,0.620684518891836,0.671389131674708,0.268069588987101,0.617416468435449,"Hurdle"
"mootools/mootools-core",56,0.272325937358592,,0.444906363024475,4.33289766420035,"Hurdle"
"thoughtbot/paperclip",40,0.751050569147967,0.686082182515871,0.0763788590111075,0.120613166297835,"Hurdle"
"geany/geany",90,0.788761965448579,0.398808236826255,0.0503680192472355,0.122441325477228,"Hurdle"
"geany/geany-plugins",34,0.93930280115839,0.773070428192969,0.0136614845516492,0.0052889742087317,"Hurdle"
"github/linguist",16,0.343991990984235,,2.88380288299554,9.06517760501538,"Hurdle"
"puppetlabs/puppetlabs-stdlib",14,0.420489360591343,,-0.752993463615219,1.89066272010354,"Hurdle"
"OpenImageIO/oiio",70,0.00764099574956361,,-0.564655592389758,4.0517333726467,"Hurdle"
"jruby/activerecord-jdbc-adapter",4,,,,,"Hurdle"
"graphite-project/graphite-web",34,0.675447576062523,,0.106473568257159,0.465890520740085,"Hurdle"
"symfony/symfony",452,0.155091280786163,0.434735585721397,0.111201117558511,0.584805662780206,"Hurdle"
"sk89q/WorldEdit",18,0.495364840221816,0.868528502601214,-0.277042210795103,0.499863160413715,"Hurdle"
"harvesthq/chosen",8,,,,,"Hurdle"
"magit/magit",24,0.119948023793166,0.562478550892862,-0.868011431548011,9.77507164406833,"Hurdle"
"middleman/middleman",6,,,,,"Hurdle"
"zotero/translators",168,0.0157510182009885,,-0.333103028615818,3.39492908827497,"Hurdle"
"cplusplus/draft",18,0.150787291067441,0.676339818418875,-1.5152661957851,8.85597835110176,"Hurdle"
"celery/celery",34,0.616317166015038,0.576571251656874,0.204224069327839,0.576581429523536,"Hurdle"
"ruflin/Elastica",42,0.373310932436439,,0.260735321826399,2.50809016006878,"Hurdle"
"sonata-project/SonataMediaBundle",28,0.257864490837201,,-0.42244488951145,2.48502160439949,"Hurdle"
"DSpace/DSpace",62,0.452493797699511,0.434469330979333,-0.218764916136546,1.22420439030865,"Hurdle"
"mongodb/mongo-ruby-driver",22,0.536611645169137,,0.387362119989307,2.82460439416272,"Hurdle"
"pimcore/pimcore",8,,,,,"Hurdle"
"darktable-org/darktable",110,0.00481822169321605,0.56285267162545,-0.419511553164324,5.93496212920349,"Hurdle"
"SpiderLabs/owasp-modsecurity-crs",22,0.239155870506846,0.355960033793345,-0.808895853554763,13.9365246622983,"Hurdle"
"thoughtbot/capybara-webkit",46,0.540171813573345,0.352968443230478,-0.236510272470667,1.56182155840029,"Hurdle"
"OpenRA/OpenRA",30,0.720921680940302,,-0.403302238951325,0.582038942211276,"Hurdle"
"sensu/sensu",44,0.634492651343593,0.676239019540723,-0.155492456849369,0.256858881231761,"Hurdle"
"danmar/cppcheck",10,,,,,"Hurdle"
"Jasig/uPortal",46,0.0371978590881488,0.834274268051303,0.377676617446387,2.0866927836242,"Hurdle"
"openstreetmap/openstreetmap-website",96,0.29587932516896,,-0.20565790640366,1.39594921358983,"Hurdle"
"FriendsOfPHP/PHP-CS-Fixer",52,0.284114726663691,,-0.314508105879706,2.90171250140382,"Hurdle"
"rubygems/rubygems.org",26,0.357868436787151,,-0.643824685298657,1.54060356447244,"Hurdle"
"qooxdoo/qooxdoo",46,0.108049217900225,0.614413920067129,-0.539143648703078,3.81197569948393,"Hurdle"
"munin-monitoring/contrib",84,0.101140366048846,,-0.261087836522067,1.32812636120216,"Hurdle"
"yast/yast-network",162,0.426424024150949,,0.103872352478039,0.752529330139827,"Hurdle"
"EventStore/EventStore",24,0.258275724378953,0.880942829921396,-0.250619451708542,0.844322077203731,"Hurdle"
"webpack/webpack-dev-server",22,0.151751477013493,0.435487365937866,-2.68095489952404,15.4965160740409,"Hurdle"
"ros-visualization/rviz",20,0.555687010877667,,-0.692773953617878,1.41435205542223,"Hurdle"
"yast/yast-bootloader",138,0.186209537626665,,-0.214159549406454,2.62007899204217,"Hurdle"
"symfony-cmf/symfony-cmf-docs",116,0.123296860027712,0.516352825296145,-0.232004220397313,1.96675860004127,"Hurdle"
"OpenTSDB/opentsdb",20,0.104705290153685,0.629901453628413,-1.54378068560746,11.2814815014899,"Hurdle"
"airbnb/javascript",52,0.0400047730433776,0.51029345657721,-0.754252752224636,8.50992135146495,"Hurdle"
"owncloud/documentation",366,2.40217603727007e-06,0.533620496608932,0.279278808690651,5.50601047017137,"Hurdle"
"notepadqq/notepadqq",10,,,,,"Hurdle"
"whatwg/dom",42,0.534197288606422,0.389141604066468,-0.292305376758847,1.51665134606955,"Hurdle"
"marionettejs/backbone.marionette",14,0.6736931137272,,-0.224724637206174,0.539915512893533,"Hurdle"
"SonarSource/sonar-java",86,0.0374117290006688,0.421234423041,-0.716028037129437,7.26819265144001,"Hurdle"
"Netflix/eureka",46,0.136171794475181,,0.352907131174312,2.40357462517544,"Hurdle"
